PDB code;PDB chains;Ligand PDB code;Active site identity;# Active site mutations;# Active site gaps;Backbone RMSD;All atom RMSD;
4BDT;A ;HUW_A_701;1;0;0;0.642630;1.168785;
4EY5;A ;HUP_A_604;1;0;0;0.227853;0.776461;
4EY6;A ;GNT_A_604;1;0;0;0.296894;0.771978;
4EY7;A ;E20_A_604;1;0;0;0.000000;0.000000;
4M0E;A ;1YL_A_604;1;0;0;0.265200;0.896943;
4M0F;A ;1YK_A_604;1;0;0;0.287949;0.713800;
5HF9;A ;HI6_A_607;1;0;0;0.320233;0.975765;
5HFA;A ;FP1_A_607;1;0;0;0.287630;1.154196;
6F25;A ;CVZ_A_613;1;0;0;0.351029;0.893017;
6NEA;A ;HLO_A_605;1;0;0;0.289537;0.989798;
6O4X;A ;AA_A_605;1;0;0;0.311683;0.953942;
6O50;A ;EBW_A_601;1;0;0;0.247734;0.850632;
6O5R;A ;LND_A_601;1;0;0;0.296483;0.702111;
6U34;A ;PQV_A_603;1;0;0;0.288893;0.844956;
6U3P;A ;PQY_A_601;1;0;0;0.285364;0.910535;
6ZWE;A ;QRH_A_602;1;0;0;0.333643;1.105769;
7D9O;A ;H0L_A_601;1;0;0;0.192938;0.397417;
7D9P;A ;H0R_A_601;1;0;0;0.156569;0.645407;
7D9Q;A ;H1R_A_601;1;0;0;0.179447;0.651839;
7RB7;A ;3VI_A_602;1;0;0;0.271705;0.655812;
7XN1;A ;THA_A_601;1;0;0;0.267680;0.873315;
